SET ECHO ON
SET TAB OFF
SET SERVEROUTPUT ON

REM scott 계정으로 접속
REM CONN scott/tiger

REM 테이블을 생성하고 데이터를 삽입

DROP TABLE emp ;
CREATE TABLE emp
 (empno    NUMBER(4) NOT NULL,
  ename    VARCHAR2(10),
  job      VARCHAR2(9),
  mgr      NUMBER(4),
  hiredate DATE,
  sal      NUMBER(7, 2),
  comm     NUMBER(7, 2),
  deptno   NUMBER(2));
 

INSERT INTO emp VALUES (7369, 'SMITH',  'CLERK',     7902, DATE'1980-12-17',  800, NULL, 20);
INSERT INTO emp VALUES (7499, 'ALLEN',  'SALESMAN',  7698, DATE'1981-02-20', 1600,  300, 30);
INSERT INTO emp VALUES (7521, 'WARD',   'SALESMAN',  7698, DATE'1981-02-22', 1250,  500, 30);
INSERT INTO emp VALUES (7566, 'JONES',  'MANAGER',   7839, DATE'1981-04-02', 2975, NULL, 20);
INSERT INTO emp VALUES (7654, 'MARTIN', 'SALESMAN',  7698, DATE'1981-09-28', 1250, 1400, 30);
INSERT INTO emp VALUES (7698, 'BLAKE',  'MANAGER',   7839, DATE'1981-05-01', 2850, NULL, 30);
INSERT INTO emp VALUES (7782, 'CLARK',  'MANAGER',   7839, DATE'1981-06-09', 2450, NULL, 10);
INSERT INTO emp VALUES (7788, 'SCOTT',  'ANALYST',   7566, DATE'1987-04-19', 3000, NULL, 20);
INSERT INTO emp VALUES (7839, 'KING',   'PRESIDENT', NULL, DATE'1981-11-17', 5000, NULL, 10);
INSERT INTO emp VALUES (7844, 'TURNER', 'SALESMAN',  7698, DATE'1981-09-08', 1500,    0, 30);
INSERT INTO emp VALUES (7876, 'ADAMS',  'CLERK',     7788, DATE'1987-05-23', 1100, NULL, 20);
INSERT INTO emp VALUES (7900, 'JAMES',  'CLERK',     7698, DATE'1981-12-03',  950, NULL, 30);
INSERT INTO emp VALUES (7902, 'FORD',   'ANALYST',   7566, DATE'1981-12-03', 3000, NULL, 20);
INSERT INTO emp VALUES (7934, 'MILLER', 'CLERK',     7782, DATE'1982-01-23', 1300, NULL, 10);

DROP TABLE dept ;
CREATE TABLE dept
 (deptno NUMBER(2),
  dname  VARCHAR2(14),
  loc    VARCHAR2(13) );
 
INSERT INTO dept VALUES (10, 'ACCOUNTING', 'NEW YORK');
INSERT INTO dept VALUES (20, 'RESEARCH',   'DALLAS');
INSERT INTO dept VALUES (30, 'SALES',      'CHICAGO');
INSERT INTO dept VALUES (40, 'OPERATIONS', 'BOSTON');

DROP TABLE bonus ;
CREATE TABLE bonus
  (ename VARCHAR2(10),
   job   VARCHAR2(9),
   sal   NUMBER,
   comm  NUMBER);

DROP TABLE salgrade ;
CREATE TABLE salgrade 
(
  grade   NUMBER,
  losal   NUMBER,
  hisal   NUMBER
) ;

INSERT INTO salgrade VALUES (1,  700, 1200);
INSERT INTO salgrade VALUES (2, 1201, 1400);
INSERT INTO salgrade VALUES (3, 1401, 2000);
INSERT INTO salgrade VALUES (4, 2001, 3000);
INSERT INTO salgrade VALUES (5, 3001, 9999);
 
COMMIT;
